protocol,layer,task,fold_id,sample_count,unique_molecule_count,sample_share,molecule_share
molecule,curated_full,fish_EC50,0,2043,709,0.2000391657691178,0.2002259248799774
molecule,curated_full,fish_EC50,1,2046,708,0.20033290903750123,0.19994351878000566
molecule,curated_full,fish_EC50,2,2042,708,0.19994125134632332,0.19994351878000566
molecule,curated_full,fish_EC50,3,2042,708,0.19994125134632332,0.19994351878000566
molecule,curated_full,fish_EC50,4,2040,708,0.19974542250073435,0.19994351878000566
molecule,curated_full,fish_EC10,0,1673,464,0.20014355784184712,0.1999138302455838
molecule,curated_full,fish_EC10,1,1679,463,0.20086134705108266,0.1994829814735028
molecule,curated_full,fish_EC10,2,1672,464,0.20002392630697452,0.1999138302455838
molecule,curated_full,fish_EC10,3,1668,465,0.19954540016748415,0.2003446790176648
molecule,curated_full,fish_EC10,4,1667,465,0.19942576863261155,0.2003446790176648
molecule,curated_full,aquatic_invertebrates_EC50,0,2055,748,0.1998444033842264,0.1999465383587276
molecule,curated_full,aquatic_invertebrates_EC50,1,2056,749,0.1999416512690849,0.20021384656508956
molecule,curated_full,aquatic_invertebrates_EC50,2,2059,748,0.2002333949236604,0.1999465383587276
molecule,curated_full,aquatic_invertebrates_EC50,3,2056,748,0.1999416512690849,0.1999465383587276
molecule,curated_full,aquatic_invertebrates_EC50,4,2057,748,0.2000388991539434,0.1999465383587276
molecule,curated_full,aquatic_invertebrates_EC10,0,1440,530,0.1996949105533213,0.20022667170381564
molecule,curated_full,aquatic_invertebrates_EC10,1,1443,529,0.20011094161697407,0.19984888553078958
molecule,curated_full,aquatic_invertebrates_EC10,2,1445,529,0.20038829565940924,0.19984888553078958
molecule,curated_full,aquatic_invertebrates_EC10,3,1443,529,0.20011094161697407,0.19984888553078958
molecule,curated_full,aquatic_invertebrates_EC10,4,1440,530,0.1996949105533213,0.20022667170381564
molecule,curated_full,algae_EC50,0,1005,569,0.1998409226486379,0.2001406964474147
molecule,curated_full,algae_EC50,1,1007,568,0.20023861602704315,0.19978895532887794
molecule,curated_full,algae_EC50,2,1005,569,0.1998409226486379,0.2001406964474147
molecule,curated_full,algae_EC50,3,1008,568,0.20043746271624577,0.19978895532887794
molecule,curated_full,algae_EC50,4,1004,569,0.19964207595943528,0.2001406964474147
molecule,curated_full,algae_EC10,0,907,552,0.1993844801055177,0.20029027576197386
molecule,curated_full,algae_EC10,1,910,552,0.20004396570674873,0.20029027576197386
molecule,curated_full,algae_EC10,2,912,551,0.2004836227742361,0.19992743105950653
molecule,curated_full,algae_EC10,3,909,551,0.19982413717300507,0.19992743105950653
molecule,curated_full,algae_EC10,4,911,550,0.20026379424049243,0.1995645863570392
molecule,common_intersection,fish_EC50,0,1678,622,0.1997381264135222,0.20012870012870013
molecule,common_intersection,fish_EC50,1,1684,621,0.2004523271039162,0.1998069498069498
molecule,common_intersection,fish_EC50,2,1678,622,0.1997381264135222,0.20012870012870013
molecule,common_intersection,fish_EC50,3,1677,622,0.1996190929651232,0.20012870012870013
molecule,common_intersection,fish_EC50,4,1684,621,0.2004523271039162,0.1998069498069498
molecule,common_intersection,fish_EC10,0,1332,412,0.20012019230769232,0.20029168692270297
molecule,common_intersection,fish_EC10,1,1328,411,0.19951923076923078,0.19980554205153137
molecule,common_intersection,fish_EC10,2,1330,412,0.19981971153846154,0.20029168692270297
molecule,common_intersection,fish_EC10,3,1332,411,0.20012019230769232,0.19980554205153137
molecule,common_intersection,fish_EC10,4,1334,411,0.20042067307692307,0.19980554205153137
molecule,common_intersection,aquatic_invertebrates_EC50,0,1623,636,0.20012330456226882,0.1998114985862394
molecule,common_intersection,aquatic_invertebrates_EC50,1,1622,637,0.2,0.20012566760917375
molecule,common_intersection,aquatic_invertebrates_EC50,2,1623,637,0.20012330456226882,0.20012566760917375
molecule,common_intersection,aquatic_invertebrates_EC50,3,1619,637,0.1996300863131936,0.20012566760917375
molecule,common_intersection,aquatic_invertebrates_EC50,4,1623,636,0.20012330456226882,0.1998114985862394
molecule,common_intersection,aquatic_invertebrates_EC10,0,1174,454,0.20020463847203274,0.2
molecule,common_intersection,aquatic_invertebrates_EC10,1,1170,455,0.1995225102319236,0.20044052863436124
molecule,common_intersection,aquatic_invertebrates_EC10,2,1170,454,0.1995225102319236,0.2
molecule,common_intersection,aquatic_invertebrates_EC10,3,1173,454,0.20003410641200545,0.2
molecule,common_intersection,aquatic_invertebrates_EC10,4,1177,453,0.2007162346521146,0.19955947136563876
molecule,common_intersection,algae_EC50,0,821,497,0.19965953307392997,0.1998391636509851
molecule,common_intersection,algae_EC50,1,822,498,0.19990272373540857,0.20024125452352232
molecule,common_intersection,algae_EC50,2,824,497,0.20038910505836577,0.1998391636509851
molecule,common_intersection,algae_EC50,3,821,498,0.19965953307392997,0.20024125452352232
molecule,common_intersection,algae_EC50,4,824,497,0.20038910505836577,0.1998391636509851
molecule,common_intersection,algae_EC10,0,752,483,0.2001597018898057,0.19975186104218362
molecule,common_intersection,algae_EC10,1,753,484,0.20042587170614853,0.2001654259718776
molecule,common_intersection,algae_EC10,2,749,484,0.1993611924407772,0.2001654259718776
molecule,common_intersection,algae_EC10,3,753,483,0.20042587170614853,0.19975186104218362
molecule,common_intersection,algae_EC10,4,750,484,0.19962736225712005,0.2001654259718776
scaffold,curated_full,fish_EC50,0,1967,680,0.1925976696367375,0.19203614798079638
scaffold,curated_full,fish_EC50,1,1965,681,0.19240184079114853,0.19231855408076814
scaffold,curated_full,fish_EC50,2,1961,681,0.19201018309997062,0.19231855408076814
scaffold,curated_full,fish_EC50,3,2357,818,0.23078429452658378,0.2310081897768992
scaffold,curated_full,fish_EC50,4,1963,681,0.19220601194555959,0.19231855408076814
scaffold,curated_full,fish_EC10,0,1694,465,0.20265582007417154,0.2003446790176648
scaffold,curated_full,fish_EC10,1,1705,466,0.20397176695777006,0.2007755277897458
scaffold,curated_full,fish_EC10,2,1697,466,0.20301471467878932,0.2007755277897458
scaffold,curated_full,fish_EC10,3,1554,458,0.1859074051920086,0.1973287376130978
scaffold,curated_full,fish_EC10,4,1709,466,0.20445029309726043,0.2007755277897458
scaffold,curated_full,aquatic_invertebrates_EC50,0,2026,735,0.19702421472332976,0.19647153167602247
scaffold,curated_full,aquatic_invertebrates_EC50,1,2023,734,0.19673247106875424,0.19620422346966052
scaffold,curated_full,aquatic_invertebrates_EC50,2,2023,735,0.19673247106875424,0.19647153167602247
scaffold,curated_full,aquatic_invertebrates_EC50,3,2190,801,0.21297286784012448,0.2141138732959102
scaffold,curated_full,aquatic_invertebrates_EC50,4,2021,736,0.19653797529903724,0.1967388398823844
scaffold,curated_full,aquatic_invertebrates_EC10,0,1460,533,0.202468450977673,0.20136003022289384
scaffold,curated_full,aquatic_invertebrates_EC10,1,1458,533,0.20219109693523782,0.20136003022289384
scaffold,curated_full,aquatic_invertebrates_EC10,2,1454,535,0.2016363888503675,0.20211560256894598
scaffold,curated_full,aquatic_invertebrates_EC10,3,1376,513,0.1908195811953959,0.1938043067623725
scaffold,curated_full,aquatic_invertebrates_EC10,4,1463,533,0.20288448204132575,0.20136003022289384
scaffold,curated_full,algae_EC50,0,958,545,0.19049512825611453,0.19169890960253252
scaffold,curated_full,algae_EC50,1,956,546,0.19009743487770928,0.1920506507210693
scaffold,curated_full,algae_EC50,2,954,546,0.18969974149930405,0.1920506507210693
scaffold,curated_full,algae_EC50,3,1210,658,0.24060449393517597,0.23144565599718608
scaffold,curated_full,algae_EC50,4,951,548,0.18910320143169615,0.1927541329581428
scaffold,curated_full,algae_EC10,0,914,551,0.20092327984172345,0.19992743105950653
scaffold,curated_full,algae_EC10,1,914,553,0.20092327984172345,0.20065312046444123
scaffold,curated_full,algae_EC10,2,922,550,0.2026819081116729,0.1995645863570392
scaffold,curated_full,algae_EC10,3,883,550,0.19410859529566937,0.1995645863570392
scaffold,curated_full,algae_EC10,4,916,552,0.2013629369092108,0.20029027576197386
scaffold,common_intersection,fish_EC50,0,1518,578,0.18069277466968217,0.18597168597168598
scaffold,common_intersection,fish_EC50,1,1526,577,0.1816450422568742,0.18564993564993565
scaffold,common_intersection,fish_EC50,2,1523,578,0.1812879419116772,0.18597168597168598
scaffold,common_intersection,fish_EC50,3,2314,798,0.2754433995952863,0.25675675675675674
scaffold,common_intersection,fish_EC50,4,1520,577,0.18093084156648018,0.18564993564993565
scaffold,common_intersection,fish_EC10,0,1301,407,0.1954627403846154,0.19786096256684493
scaffold,common_intersection,fish_EC10,1,1297,406,0.19486177884615385,0.1973748176956733
scaffold,common_intersection,fish_EC10,2,1300,406,0.1953125,0.1973748176956733
scaffold,common_intersection,fish_EC10,3,1460,431,0.21935096153846154,0.20952843947496355
scaffold,common_intersection,fish_EC10,4,1298,407,0.19501201923076922,0.19786096256684493
scaffold,common_intersection,aquatic_invertebrates_EC50,0,1491,602,0.18384710234278667,0.18912975180647187
scaffold,common_intersection,aquatic_invertebrates_EC50,1,1494,602,0.1842170160295931,0.18912975180647187
scaffold,common_intersection,aquatic_invertebrates_EC50,2,1490,602,0.18372379778051787,0.18912975180647187
scaffold,common_intersection,aquatic_invertebrates_EC50,3,2141,775,0.26399506781750925,0.24348099277411248
scaffold,common_intersection,aquatic_invertebrates_EC50,4,1494,602,0.1842170160295931,0.18912975180647187
scaffold,common_intersection,aquatic_invertebrates_EC10,0,1144,450,0.19508867667121418,0.19823788546255505
scaffold,common_intersection,aquatic_invertebrates_EC10,1,1144,450,0.19508867667121418,0.19823788546255505
scaffold,common_intersection,aquatic_invertebrates_EC10,2,1144,450,0.19508867667121418,0.19823788546255505
scaffold,common_intersection,aquatic_invertebrates_EC10,3,1292,470,0.2203274215552524,0.20704845814977973
scaffold,common_intersection,aquatic_invertebrates_EC10,4,1140,450,0.19440654843110505,0.19823788546255505
scaffold,common_intersection,algae_EC50,0,728,462,0.17704280155642024,0.18576598311218334
scaffold,common_intersection,algae_EC50,1,729,462,0.17728599221789884,0.18576598311218334
scaffold,common_intersection,algae_EC50,2,729,460,0.17728599221789884,0.18496180136710896
scaffold,common_intersection,algae_EC50,3,1192,644,0.2898832684824903,0.25894652191395257
scaffold,common_intersection,algae_EC50,4,734,459,0.17850194552529183,0.18455971049457176
scaffold,common_intersection,algae_EC10,0,728,475,0.19377162629757785,0.19644334160463192
scaffold,common_intersection,algae_EC10,1,732,474,0.19483630556294917,0.19602977667493796
scaffold,common_intersection,algae_EC10,2,733,473,0.19510247537929198,0.195616211745244
scaffold,common_intersection,algae_EC10,3,836,521,0.22251796646260313,0.21546732837055418
scaffold,common_intersection,algae_EC10,4,728,475,0.19377162629757785,0.19644334160463192
